day,value
1,17527.148714285715
2,17951.06565079365
3,18189.715190476192
4,19805.780063492068
5,19420.3858015873
6,19639.623271645025
7,19348.10817857143
