day,value
1,19279.3031
2,17998.00524
3,18074.34942
4,18626.7311
5,18814.37722
6,19105.5933
7,18996.60696
