day,value
1,19807.811531746032
2,18817.448519841273
3,18738.815019841273
4,17417.3855436508
5,18587.91932936508
6,19427.061146825396
7,19756.222126984132
