day,value
5,19086.373277300314
6,17967.370181429687
7,17333.46108424255
1,19582.232289246705
2,20182.995000666007
3,19293.430538544788
4,18943.442732553394
