day,demand
1,18129.22661
2,18063.44379
3,19420.45577
4,18961.50592
5,19062.6507
6,19265.11244
7,19814.27931
